Year;Company code;Function;TRIR;LTIR
2014;A         ;Construction;16,61;6,64
2014;A         ;Drilling;6,33;3,17
2014;A         ;Exploration;3,47;0
2014;A         ;Production;7,07;3,03
2014;A         ;Unspecified;0,45;0,45
2014;AA        ;Construction;1,35;0,27
2014;AA        ;Drilling;1,73;0,56
2014;AA        ;Exploration;1,89;0,2
2014;AA        ;Production;1,79;0,29
2014;AA        ;Unspecified;0,48;0,18
2014;B         ;Unspecified;0,95;0,54
2014;BB        ;Drilling;16,13;2,69
2014;BB        ;Exploration;1,25;0
2014;BB        ;Unspecified;0;0
2014;C         ;Construction;2,49;1,25
2014;C         ;Drilling;3,29;0
2014;C         ;Exploration;3,5;0
2014;C         ;Production;8,85;2,53
2014;C         ;Unspecified;0;0
2014;CC        ;Construction;0,56;0
2014;CC        ;Drilling;2,84;1,12
2014;CC        ;Exploration;0,76;0,25
2014;CC        ;Production;0,63;0,16
2014;CC        ;Unspecified;0;0
2014;D         ;Construction;1,94;0,69
2014;D         ;Drilling;7,25;2,52
2014;D         ;Exploration;0,43;0
2014;D         ;Production;3,48;1,21
2014;D         ;Unspecified;6,2;1,55
2014;DD        ;Construction;0,59;0,12
2014;DD        ;Drilling;2,07;0,53
2014;DD        ;Exploration;1,87;0,33
2014;DD        ;Production;1,13;0,32
2014;DD        ;Unspecified;0,98;0,17
2014;E         ;Drilling;4,33;0,85
2014;E         ;Exploration;2,38;0,13
2014;E         ;Production;4,37;1,56
2014;E         ;Unspecified;1,83;0,52
2014;EE        ;Construction;0,39;0,06
2014;EE        ;Drilling;1,15;0,48
2014;EE        ;Exploration;0,35;0
2014;EE        ;Production;0,99;0,42
2014;EE        ;Unspecified;0,25;0,13
2014;F         ;Construction;0;0
2014;F         ;Drilling;3;2,4
2014;F         ;Exploration;0,36;0,36
2014;F         ;Production;1,42;1,12
2014;F         ;Unspecified;0;0
2014;FF        ;Construction;0,56;0,17
2014;FF        ;Drilling;2,14;0,55
2014;FF        ;Production;1,12;0,23
2014;FF        ;Unspecified;0,52;0,1
2014;G         ;Construction;5,34;0,31
2014;G         ;Drilling;5,19;1,53
2014;G         ;Exploration;0;0
2014;G         ;Production;2,99;0,81
2014;G         ;Unspecified;0;0
2014;GG        ;Construction;0,63;0,63
2014;GG        ;Production;0;0
2014;GG        ;Unspecified;0;0
2014;H         ;Construction;3,9;0,33
2014;H         ;Drilling;10,2;3,79
2014;H         ;Exploration;0;0
2014;H         ;Production;3,1;1,41
2014;H         ;Unspecified;0;0
2014;HH        ;Construction;0,33;0,13
2014;HH        ;Drilling;1,4;0,66
2014;HH        ;Exploration;0;0
2014;HH        ;Production;0,58;0,19
2014;HH        ;Unspecified;0,46;0,18
2014;I         ;Drilling;4,21;1,4
2014;I         ;Exploration;13,22;7,65
2014;I         ;Production;2,78;0,63
2014;II        ;Construction;1,63;0,41
2014;II        ;Drilling;3,17;0,7
2014;II        ;Exploration;1,68;0,42
2014;II        ;Production;1,03;0,06
2014;II        ;Unspecified;0,22;0
2014;J         ;Drilling;3,9;1,8
2014;J         ;Production;1,81;0,5
2014;JJ        ;Construction;4,27;1,42
2014;JJ        ;Drilling;2,1;0
2014;JJ        ;Exploration;0;0
2014;JJ        ;Production;2,35;0
2014;JJ        ;Unspecified;0,29;0,29
2014;K         ;Construction;4,07;1,28
2014;K         ;Drilling;5,56;2,17
2014;K         ;Exploration;2,02;0
2014;K         ;Production;2,63;0,44
2014;KK        ;Construction;0,22;0,04
2014;KK        ;Drilling;6,41;1,52
2014;KK        ;Exploration;1,83;0
2014;KK        ;Production;0,32;0,12
2014;KK        ;Unspecified;0,56;0,16
2014;L         ;Construction;1,73;0,69
2014;L         ;Drilling;2,91;1,04
2014;L         ;Exploration;0;0
2014;L         ;Production;6,12;0,99
2014;L         ;Unspecified;2,61;0,26
2014;LL        ;Construction;0,93;0,13
2014;LL        ;Drilling;1,14;0,32
2014;LL        ;Exploration;0;0
2014;LL        ;Production;0,53;0,16
2014;LL        ;Unspecified;0,62;0,24
2014;M         ;Construction;2,31;1,38
2014;M         ;Drilling;1,46;0,49
2014;M         ;Production;0,45;0
2014;M         ;Unspecified;0,44;0,44
2014;MM        ;Unspecified;1,44;0,18
2014;N         ;Drilling;4,4;0,88
2014;N         ;Unspecified;2,75;0
2014;NN        ;Construction;0,76;0,07
2014;NN        ;Drilling;3,47;0,45
2014;NN        ;Exploration;1,73;0
2014;NN        ;Production;2,2;0,24
2014;NN        ;Unspecified;0,49;0,06
2014;O         ;Construction;5,68;0,49
2014;O         ;Drilling;4,88;1
2014;O         ;Exploration;1;0
2014;O         ;Production;3,45;0,66
2014;O         ;Unspecified;1,2;0,24
2014;OO        ;Production;0,9;0,18
2014;OO        ;Unspecified;0;0
2014;OVERALL   ;Construction;1,08;0,16
2014;OVERALL   ;Drilling;2,78;0,78
2014;OVERALL   ;Exploration;1,48;0,3
2014;OVERALL   ;OVERALL;1,54;0,36
2014;OVERALL   ;Production;1,75;0,4
2014;OVERALL   ;Unspecified;0,85;0,17
2014;P         ;Construction;3,95;0
2014;P         ;Drilling;3,75;0,23
2014;P         ;Exploration;1,28;0,64
2014;P         ;Production;3,81;1,4
2014;P         ;Unspecified;0,83;0,36
2014;PP        ;Construction;1,4;0,14
2014;PP        ;Drilling;0,63;0,31
2014;PP        ;Exploration;0;0
2014;PP        ;Production;1,41;0
2014;PP        ;Unspecified;1,45;0,13
2014;Q         ;Drilling;2,17;0,79
2014;Q         ;Exploration;2,49;0,96
2014;Q         ;Production;2,09;0,31
2014;Q         ;Unspecified;0,24;0,24
2014;QQ        ;Construction;1,27;0,08
2014;QQ        ;Drilling;1,73;0,29
2014;QQ        ;Exploration;0,19;0
2014;QQ        ;Production;0,75;0,13
2014;QQ        ;Unspecified;0,72;0,06
2014;R         ;Construction;4,45;0,74
2014;R         ;Drilling;2,82;0,9
2014;R         ;Exploration;1,41;0,56
2014;R         ;Production;0,83;0
2014;R         ;Unspecified;0,48;0,32
2014;RR        ;Construction;1,44;0
2014;RR        ;Drilling;3,27;0
2014;RR        ;Exploration;4,35;0
2014;RR        ;Production;2,19;0,25
2014;RR        ;Unspecified;0;0
2014;S         ;Construction;0,6;0,36
2014;S         ;Drilling;2,22;0,91
2014;S         ;Exploration;1,34;0,45
2014;S         ;Production;1,06;0,43
2014;S         ;Unspecified;1,4;0,55
2014;SS        ;Construction;1;0
2014;SS        ;Drilling;2,05;0,07
2014;SS        ;Production;1,39;0,2
2014;SS        ;Unspecified;0,96;0
2014;T         ;Construction;0;0
2014;T         ;Drilling;4,93;0,55
2014;T         ;Exploration;0;0
2014;T         ;Production;8,66;0,87
2014;T         ;Unspecified;2,69;0,38
2014;TT        ;Construction;0,07;0
2014;TT        ;Drilling;1,86;0,16
2014;TT        ;Exploration;0;0
2014;TT        ;Production;0,81;0,13
2014;TT        ;Unspecified;0,09;0
2014;U         ;Construction;0,86;0,43
2014;U         ;Drilling;4,05;0,81
2014;U         ;Exploration;3,16;0,63
2014;U         ;Production;0,7;0,46
2014;U         ;Unspecified;1,54;0
2014;UU        ;Construction;1;0,06
2014;UU        ;Drilling;0;0
2014;UU        ;Production;0,5;0
2014;V         ;Construction;1,91;0,36
2014;V         ;Drilling;2,34;0,75
2014;V         ;Exploration;4,41;0
2014;V         ;Production;1,18;0,49
2014;V         ;Unspecified;0,29;0,1
2014;VV        ;Construction;0;0
2014;VV        ;Drilling;2,17;0
2014;VV        ;Production;3,23;0
2014;VV        ;Unspecified;0;0
2014;W         ;Construction;;0,19
2014;W         ;Drilling;;0,92
2014;W         ;Exploration;;0
2014;W         ;Production;;0,21
2014;W         ;Unspecified;;0,09
2014;WW        ;Construction;0,19;0
2014;WW        ;Production;0,2;0
2014;X         ;Construction;0;0
2014;X         ;Drilling;1,97;0,28
2014;X         ;Exploration;2,76;0,39
2014;X         ;Production;3,46;0,66
2014;X         ;Unspecified;0,69;0,14
2014;XX        ;Drilling;4,21;0
2014;XX        ;Exploration;2,46;0
2014;XX        ;Unspecified;0;0
2014;Y         ;Construction;1,1;0,41
2014;Y         ;Drilling;0,73;0,6
2014;Y         ;Exploration;0,57;0,57
2014;Y         ;Production;0,58;0,05
2014;Y         ;Unspecified;0,96;0,29
2014;YY        ;Drilling;0;0
2014;YY        ;Unspecified;0;0
2014;Z         ;Construction;0,8;0,18
2014;Z         ;Drilling;1,15;0,57
2014;Z         ;Exploration;0;0
2014;Z         ;Production;0,39;0,09
2014;Z         ;Unspecified;1,86;0,86
2014;ZZ        ;Drilling;6,97;0
2014;ZZ        ;Production;0;0
2015;A         ;Unspecified;0,4;0,13
2015;AA        ;Unspecified;0,86;0,29
2015;B         ;Drilling;4,26;2,13
2015;B         ;Production;2,06;1,01
2015;BB        ;Construction;1,36;0,18
2015;BB        ;Drilling;1,3;0,28
2015;BB        ;Exploration;4,65;2,33
2015;BB        ;Production;1,62;0,44
2015;BB        ;Unspecified;0,39;0,13
2015;C         ;Construction;4,84;4,03
2015;C         ;Drilling;6,48;3,02
2015;C         ;Exploration;0,9;0,9
2015;C         ;Production;1,8;0,74
2015;C         ;Unspecified;1,82;1,82
2015;CC        ;Drilling;0;0
2015;CC        ;Production;6,45;1,08
2015;CC        ;Unspecified;1,33;0
2015;D         ;Construction;1,75;0,37
2015;D         ;Drilling;4,61;1,4
2015;D         ;Exploration;0,41;0,41
2015;D         ;Production;2,98;1,4
2015;D         ;Unspecified;3,22;1,61
2015;DD        ;Unspecified;1,02;0,27
2015;E         ;Construction;0;0
2015;E         ;Drilling;6,05;2,02
2015;E         ;Exploration;0;0
2015;E         ;Production;9,03;1,23
2015;E         ;Unspecified;1,63;0,65
2015;EE        ;Construction;0,96;0,16
2015;EE        ;Drilling;2,09;0,52
2015;EE        ;Exploration;1,31;0,12
2015;EE        ;Production;1,05;0,33
2015;EE        ;Unspecified;0,66;0,15
2015;F         ;Drilling;3,48;0,86
2015;F         ;Exploration;2,58;0,43
2015;F         ;Production;4,06;1,46
2015;F         ;Unspecified;0,9;0,18
2015;FF        ;Construction;0,89;0,05
2015;FF        ;Drilling;2,36;0,27
2015;FF        ;Exploration;0,3;0
2015;FF        ;Production;1,98;0,27
2015;FF        ;Unspecified;0,67;0,12
2015;G         ;Construction;6,59;1,73
2015;G         ;Drilling;6,29;1,05
2015;G         ;Production;4,32;0,66
2015;GG        ;Construction;0,59;0,1
2015;GG        ;Drilling;2,28;0,37
2015;GG        ;Production;1,2;0,19
2015;GG        ;Unspecified;0,19;0,04
2015;H         ;Construction;2,27;0,43
2015;H         ;Drilling;8,57;2,45
2015;H         ;Exploration;0;0
2015;H         ;Production;3,97;0,61
2015;H         ;Unspecified;3,16;0,73
2015;HH        ;Construction;1,18;0,16
2015;HH        ;Drilling;1,92;0,64
2015;HH        ;Exploration;0;0
2015;HH        ;Production;2,44;0
2015;HH        ;Unspecified;0,68;0,11
2015;I         ;Construction;11,24;3,75
2015;I         ;Drilling;3,8;0,63
2015;I         ;Exploration;0,95;0,47
2015;I         ;Production;1,51;0
2015;I         ;Unspecified;2,06;1,23
2015;II        ;Construction;0,27;0,03
2015;II        ;Drilling;3,18;0,28
2015;II        ;Exploration;1,13;0,57
2015;II        ;Production;0,44;0,26
2015;II        ;Unspecified;0,49;0,05
2015;J         ;Construction;2,88;1,03
2015;J         ;Drilling;6,32;0,9
2015;J         ;Exploration;0;0
2015;J         ;Production;3,1;0,59
2015;J         ;Unspecified;0,48;0,24
2015;JJ        ;Construction;0,3;0,09
2015;JJ        ;Drilling;0,77;0,17
2015;JJ        ;Exploration;0,64;0
2015;JJ        ;Production;0,51;0,25
2015;JJ        ;Unspecified;0,12;0,06
2015;K         ;Construction;2,44;0,3
2015;K         ;Drilling;3,73;1,05
2015;K         ;Exploration;0;0
2015;K         ;Production;3,07;0,79
2015;K         ;Unspecified;0,88;0,26
2015;KK        ;Construction;1,29;0,26
2015;KK        ;Drilling;2,98;0,19
2015;KK        ;Exploration;8,33;8,33
2015;KK        ;Production;0,78;0,07
2015;KK        ;Unspecified;0,14;0
2015;L         ;Construction;0;0
2015;L         ;Drilling;2,86;1,1
2015;L         ;Exploration;0;0
2015;L         ;Production;4,25;0,5
2015;L         ;Unspecified;1,33;0,67
2015;LL        ;Construction;0,57;0,08
2015;LL        ;Drilling;0;0
2015;LL        ;Production;0,52;0,17
2015;M         ;Construction;;0,18
2015;M         ;Drilling;;0,48
2015;M         ;Exploration;;0,13
2015;M         ;Production;;0,63
2015;M         ;Unspecified;;0,04
2015;MM        ;Construction;0,45;0,07
2015;MM        ;Drilling;1,2;0,25
2015;MM        ;Exploration;0;0
2015;MM        ;Production;0,63;0,11
2015;MM        ;Unspecified;0,36;0,26
2015;N         ;Construction;2,34;0
2015;N         ;Drilling;2,61;0,65
2015;N         ;Production;1,83;0,58
2015;N         ;Unspecified;0,34;0
2015;NN        ;Construction;0,75;0
2015;NN        ;Drilling;0,77;0,28
2015;NN        ;Exploration;0;0
2015;NN        ;Production;0,72;0,13
2015;NN        ;Unspecified;0,26;0
2015;O         ;Drilling;4,22;4,22
2015;O         ;Production;1,04;0
2015;O         ;Unspecified;0;0
2015;OO        ;Construction;0,33;0,05
2015;OO        ;Drilling;0,28;0
2015;OO        ;Exploration;0,96;0,48
2015;OO        ;Production;0,33;0,17
2015;OO        ;Unspecified;0,34;0
2015;OVERALL   ;Construction;1,01;0,16
2015;OVERALL   ;Drilling;2,12;0,48
2015;OVERALL   ;Exploration;0,88;0,2
2015;OVERALL   ;OVERALL;1,21;0,29
2015;OVERALL   ;Production;1,39;0,4
2015;OVERALL   ;Unspecified;0,67;0,16
2015;P         ;Construction;0;0
2015;P         ;Drilling;1,74;0
2015;P         ;Exploration;15,5;7,75
2015;P         ;Production;6,97;0
2015;P         ;Unspecified;0;0
2015;PP        ;Construction;1,6;0,09
2015;PP        ;Drilling;1,51;0,18
2015;PP        ;Exploration;0;0
2015;PP        ;Production;0,66;0,11
2015;PP        ;Unspecified;0,56;0,04
2015;Q         ;Construction;1,48;0,49
2015;Q         ;Drilling;1,52;0
2015;Q         ;Exploration;1,81;0
2015;Q         ;Production;2,56;0,39
2015;Q         ;Unspecified;0,97;0,58
2015;QQ        ;Drilling;0;0
2015;QQ        ;Unspecified;0;0
2015;R         ;Construction;1,35;0
2015;R         ;Drilling;1,1;0,55
2015;R         ;Production;2,36;0,47
2015;R         ;Unspecified;0,42;0,42
2015;RR        ;Construction;0,5;0
2015;RR        ;Drilling;2,96;0
2015;RR        ;Exploration;4,69;0
2015;RR        ;Production;0,59;0
2015;RR        ;Unspecified;2,82;0
2015;S         ;Construction;0,89;0,13
2015;S         ;Drilling;1,14;0,74
2015;S         ;Exploration;0;0
2015;S         ;Production;1,53;0,4
2015;S         ;Unspecified;1,79;0,35
2015;SS        ;Construction;0;0
2015;SS        ;Production;0,98;0
2015;T         ;Construction;0,44;0,24
2015;T         ;Drilling;1,48;0,99
2015;T         ;Exploration;0;0
2015;T         ;Production;0,56;0,17
2015;T         ;Unspecified;1,48;0,87
2015;TT        ;Drilling;3,53;0
2015;TT        ;Unspecified;0,7;0
2015;U         ;Construction;8,06;0
2015;U         ;Drilling;2,34;0,63
2015;U         ;Exploration;1,19;0
2015;U         ;Production;1,72;0,26
2015;U         ;Unspecified;0,49;0,24
2015;UU        ;Construction;0,8;0
2015;UU        ;Exploration;0;0
2015;UU        ;Production;0;0
2015;UU        ;Unspecified;0;0
2015;V         ;Construction;1,33;0
2015;V         ;Drilling;4,48;0,45
2015;V         ;Exploration;7,19;0
2015;V         ;Production;2,44;0,54
2015;V         ;Unspecified;1,16;0
2015;VV        ;Unspecified;0;0
2015;W         ;Construction;0,83;0,41
2015;W         ;Drilling;2,14;0,5
2015;W         ;Production;0,52;0,17
2015;W         ;Unspecified;0,89;0,22
2015;WW        ;Production;4,24;0
2015;X         ;Production;1,79;0,6
2015;X         ;Unspecified;0;0
2015;Y         ;Construction;1,53;0,35
2015;Y         ;Drilling;1,79;0,36
2015;Y         ;Exploration;0;0
2015;Y         ;Production;1,51;0,37
2015;Y         ;Unspecified;0,35;0,13
2015;Z         ;Construction;1,16;0,35
2015;Z         ;Drilling;1,32;0,83
2015;Z         ;Exploration;1,26;0,32
2015;Z         ;Production;0,94;0,17
2015;Z         ;Unspecified;0,89;0
2016;A         ;Drilling;14,14;8,08
2016;A         ;Production;1,85;1,23
2016;AA        ;Construction;0,87;0,16
2016;AA        ;Drilling;1,84;0,35
2016;AA        ;Exploration;2,68;0,21
2016;AA        ;Production;1,16;0,33
2016;AA        ;Unspecified;0,67;0,1
2016;B         ;Construction;1,89;0,5
2016;B         ;Drilling;5,24;1,89
2016;B         ;Exploration;1,52;0,38
2016;B         ;Production;3,36;1,49
2016;B         ;Unspecified;0,57;0,57
2016;BB        ;Construction;0,3;0,07
2016;BB        ;Drilling;0,91;0,53
2016;BB        ;Exploration;0;0
2016;BB        ;Production;0,41;0,21
2016;BB        ;Unspecified;0,11;0,07
2016;C         ;Construction;0;0
2016;C         ;Drilling;4,45;1,48
2016;C         ;Exploration;0;0
2016;C         ;Production;1,91;1,49
2016;C         ;Unspecified;0;0
2016;CC        ;Construction;0,44;0
2016;CC        ;Drilling;1,73;0,46
2016;CC        ;Exploration;0;0
2016;CC        ;Production;1,78;0,24
2016;CC        ;Unspecified;0,18;0,04
2016;D         ;Drilling;1,69;1,69
2016;D         ;Unspecified;0;0
2016;DD        ;Construction;0,38;0,06
2016;DD        ;Drilling;1,84;0,36
2016;DD        ;Production;1,26;0,28
2016;DD        ;Unspecified;0,56;0,15
2016;E         ;Construction;4,5;1,5
2016;E         ;Drilling;0;0
2016;E         ;Production;4,39;2,19
2016;E         ;Unspecified;0;0
2016;EE        ;Construction;0,76;0,13
2016;EE        ;Drilling;0,87;0,18
2016;EE        ;Exploration;0,42;0
2016;EE        ;Production;1,17;0,15
2016;EE        ;Unspecified;0,52;0,17
2016;F         ;Construction;5,96;1,19
2016;F         ;Drilling;4,33;1,44
2016;F         ;Production;4,91;1,13
2016;F         ;Unspecified;1,65;0,27
2016;FF        ;Construction;0,54;0
2016;FF        ;Drilling;1,07;0,12
2016;FF        ;Production;1,17;0,39
2016;FF        ;Unspecified;0,22;0
2016;G         ;Construction;0;0
2016;G         ;Unspecified;3,67;0,89
2016;GG        ;Construction;0,92;0,13
2016;GG        ;Drilling;2,07;0,69
2016;GG        ;Production;1,49;0
2016;GG        ;Unspecified;1,16;0,12
2016;H         ;Construction;2,34;0,73
2016;H         ;Drilling;2,81;0,47
2016;H         ;Exploration;3,25;1,62
2016;H         ;Production;3,75;0,99
2016;H         ;Unspecified;;1,55
2016;HH        ;Construction;0,24;0,06
2016;HH        ;Drilling;1,05;0,23
2016;HH        ;Exploration;0;0
2016;HH        ;Production;0,63;0,08
2016;HH        ;Unspecified;0,1;0,05
2016;I         ;Construction;1,49;1,49
2016;I         ;Drilling;2,2;1,1
2016;I         ;Exploration;0;0
2016;I         ;Production;1,33;0,63
2016;I         ;Unspecified;0,45;0,45
2016;II        ;Unspecified;0,44;0,11
2016;J         ;Drilling;2,1;1
2016;J         ;Exploration;5,9;4,42
2016;J         ;Production;1,94;0,52
2016;JJ        ;Construction;0,12;0,04
2016;JJ        ;Drilling;2,97;0,48
2016;JJ        ;Exploration;0,67;0
2016;JJ        ;Production;0,16;0,07
2016;JJ        ;Unspecified;0,3;0,11
2016;K         ;Construction;0;0
2016;K         ;Drilling;5,69;1,9
2016;K         ;Production;0,57;0,57
2016;K         ;Unspecified;0;0
2016;KK        ;Construction;2,24;0
2016;KK        ;Drilling;1,75;0,35
2016;KK        ;Exploration;0;0
2016;KK        ;Production;0,62;0
2016;KK        ;Unspecified;0,46;0,15
2016;L         ;Construction;0;0
2016;L         ;Drilling;3,48;1,49
2016;L         ;Exploration;1,44;0
2016;L         ;Production;1,83;0,41
2016;L         ;Unspecified;0,5;0,25
2016;LL        ;Construction;0,98;0,05
2016;LL        ;Drilling;0,94;0,17
2016;LL        ;Exploration;0;0
2016;LL        ;Production;0,84;0,08
2016;LL        ;Unspecified;0,46;0,1
2016;M         ;Construction;1,79;0
2016;M         ;Drilling;5;0
2016;M         ;Exploration;3,16;0
2016;M         ;Production;3,16;0,72
2016;M         ;Unspecified;2,6;0,52
2016;MM        ;Construction;0,44;0,11
2016;MM        ;Production;0,36;0,07
2016;MM        ;Unspecified;0;0
2016;N         ;Unspecified;1,58;0,59
2016;NN        ;Drilling;5,07;0
2016;NN        ;Exploration;0;0
2016;NN        ;Unspecified;0;0
2016;O         ;Construction;0;0
2016;O         ;Drilling;2,32;1,39
2016;O         ;Exploration;0;0
2016;O         ;Production;0;0
2016;O         ;Unspecified;0;0
2016;OO        ;Production;0;0
2016;OVERALL   ;Construction;0,69;0,13
2016;OVERALL   ;Drilling;1,71;0,54
2016;OVERALL   ;Exploration;1,07;0,22
2016;OVERALL   ;OVERALL;1,03;0,27
2016;OVERALL   ;Production;1,32;0,34
2016;OVERALL   ;Unspecified;0,53;0,14
2016;P         ;Drilling;0;0
2016;P         ;Production;1,52;0,76
2016;P         ;Unspecified;0;0
2016;PP        ;Drilling;0,97;0
2016;PP        ;Exploration;0;0
2016;PP        ;Production;1,67;0
2016;PP        ;Unspecified;0,52;0
2016;Q         ;Construction;6,85;0
2016;Q         ;Drilling;1,41;0
2016;Q         ;Production;1,76;1,76
2016;Q         ;Unspecified;0;0
2016;QQ        ;Construction;0;0
2016;QQ        ;Production;0,19;0
2016;R         ;Construction;1,6;0
2016;R         ;Drilling;3,36;0,75
2016;R         ;Exploration;0;0
2016;R         ;Production;3,39;0,42
2016;R         ;Unspecified;1,24;0,41
2016;S         ;Construction;10,42;1,74
2016;S         ;Drilling;6,57;0
2016;S         ;Exploration;0;0
2016;S         ;Production;5,34;0,31
2016;S         ;Unspecified;1,65;0,33
2016;T         ;Construction;1,15;0,52
2016;T         ;Drilling;1,24;0,79
2016;T         ;Exploration;0;0
2016;T         ;Production;0,69;0,21
2016;T         ;Unspecified;0,43;0,14
2016;U         ;Unspecified;0,86;0,34
2016;V         ;Drilling;3,56;0
2016;V         ;Production;8,89;1,27
2016;V         ;Unspecified;0;0
2016;W         ;Construction;1,51;0
2016;W         ;Drilling;1,78;0,2
2016;W         ;Exploration;1,08;0,27
2016;W         ;Production;1,54;0,46
2016;W         ;Unspecified;0,43;0,17
2016;X         ;Construction;2,36;0,39
2016;X         ;Drilling;2,71;0
2016;X         ;Exploration;0;0
2016;X         ;Production;2,5;0,62
2016;X         ;Unspecified;0,41;0
2016;Y         ;Construction;0;0
2016;Y         ;Drilling;6,29;1,26
2016;Y         ;Exploration;1,36;1,36
2016;Y         ;Production;0,68;0
2016;Y         ;Unspecified;1,93;0
2016;Z         ;Construction;0,21;0,1
2016;Z         ;Drilling;0,81;0,68
2016;Z         ;Exploration;0;0
2016;Z         ;Production;0,67;0,23
2016;Z         ;Unspecified;0,41;0
2017;A         ;Production;5,66;2,27
2017;AA        ;Construction;1,05;0,35
2017;AA        ;Drilling;0,77;0
2017;AA        ;Production;1,35;0,37
2017;AA        ;Unspecified;0,57;0,28
2017;B         ;Production;9,48;4,74
2017;B         ;Unspecified;0;0
2017;BB        ;Construction;0,57;0,11
2017;BB        ;Drilling;1,39;0,86
2017;BB        ;Exploration;1,22;0
2017;BB        ;Production;1,4;0,2
2017;BB        ;Unspecified;0,25;0,05
2017;C         ;Drilling;3,52;2,73
2017;C         ;Production;1,49;0,93
2017;CC        ;Unspecified;0,87;0,19
2017;D         ;Construction;0;0
2017;D         ;Drilling;3,21;0
2017;D         ;Exploration;0;0
2017;D         ;Production;4,68;2,16
2017;D         ;Unspecified;0;0
2017;DD        ;Construction;0,44;0,22
2017;DD        ;Drilling;0,29;0,24
2017;DD        ;Exploration;0;0
2017;DD        ;Production;0,62;0,16
2017;DD        ;Unspecified;0,15;0,15
2017;E         ;Construction;1,81;0,54
2017;E         ;Drilling;4,37;2,29
2017;E         ;Exploration;0;0
2017;E         ;Production;3,12;1,29
2017;E         ;Unspecified;1,24;0,62
2017;EE        ;Construction;0,36;0,06
2017;EE        ;Drilling;1,68;0,21
2017;EE        ;Production;1,44;0,29
2017;EE        ;Unspecified;0,52;0,13
2017;F         ;Construction;0;0
2017;F         ;Drilling;0;0
2017;F         ;Exploration;0;0
2017;F         ;Production;6,96;2,32
2017;F         ;Unspecified;3,55;0,51
2017;FF        ;Construction;0,52;0,11
2017;FF        ;Drilling;1,85;0,4
2017;FF        ;Exploration;0;0
2017;FF        ;Production;0,72;0,1
2017;FF        ;Unspecified;0,44;0,09
2017;G         ;Construction;2,33;1,25
2017;G         ;Drilling;3,21;1,42
2017;G         ;Exploration;3,29;3,29
2017;G         ;Production;1,15;0,49
2017;G         ;Unspecified;1,21;0,56
2017;GG        ;Construction;0,13;0,08
2017;GG        ;Drilling;0,56;0,16
2017;GG        ;Exploration;0;0
2017;GG        ;Production;0,39;0,18
2017;GG        ;Unspecified;0,21;0,12
2017;H         ;Construction;3,73;0
2017;H         ;Drilling;1,12;1,12
2017;H         ;Production;4,54;1,3
2017;H         ;Unspecified;0;0
2017;HH        ;Construction;0,74;0,08
2017;HH        ;Drilling;0,97;0,42
2017;HH        ;Exploration;0;0
2017;HH        ;Production;0,6;0,09
2017;HH        ;Unspecified;0,51;0,2
2017;I         ;Drilling;2,25;0,36
2017;I         ;Exploration;0,66;0,66
2017;I         ;Production;3,7;0,91
2017;I         ;Unspecified;2,48;0,44
2017;II        ;Construction;3,03;0
2017;II        ;Drilling;0;0
2017;II        ;Exploration;2,49;0,95
2017;II        ;Production;1,3;0,07
2017;II        ;Unspecified;0,73;0
2017;J         ;Construction;1,37;1,03
2017;J         ;Drilling;1,79;1,19
2017;J         ;Production;1,16;0,58
2017;J         ;Unspecified;0;0
2017;JJ        ;Construction;0,64;0,03
2017;JJ        ;Drilling;1,25;0,28
2017;JJ        ;Exploration;0;0
2017;JJ        ;Production;0,58;0,11
2017;JJ        ;Unspecified;0,61;0,06
2017;K         ;Construction;2,53;1,52
2017;K         ;Drilling;1,27;1,27
2017;K         ;Exploration;0;0
2017;K         ;Production;1,49;0,21
2017;K         ;Unspecified;0,67;0,45
2017;KK        ;Construction;0,06;0,03
2017;KK        ;Drilling;1,73;0,29
2017;KK        ;Exploration;0;0
2017;KK        ;Production;0,12;0,06
2017;KK        ;Unspecified;0,3;0,09
2017;L         ;Construction;0;0
2017;L         ;Drilling;4;0,73
2017;L         ;Production;2,84;0,68
2017;L         ;Unspecified;1,17;0,33
2017;LL        ;Construction;0,3;0
2017;LL        ;Production;0,44;0,06
2017;M         ;Construction;0;0
2017;M         ;Drilling;0;0
2017;M         ;Production;4,04;1,35
2017;M         ;Unspecified;2,45;0,61
2017;MM        ;Drilling;3,14;0
2017;MM        ;Unspecified;0;0
2017;N         ;Construction;3,88;0,97
2017;N         ;Drilling;4,01;1
2017;N         ;Exploration;2,87;1,43
2017;N         ;Production;3,22;0,31
2017;N         ;Unspecified;0;0
2017;NN        ;Drilling;0;0
2017;NN        ;Production;0;0
2017;NN        ;Unspecified;0;0
2017;O         ;Construction;2,51;0,5
2017;O         ;Drilling;3,47;0,69
2017;O         ;Exploration;37,59;15,04
2017;O         ;Production;1,29;0,28
2017;O         ;Unspecified;1,04;0,17
2017;OO        ;Drilling;0;0
2017;OO        ;Exploration;2,1;0
2017;OO        ;Unspecified;1,01;0
2017;OVERALL   ;Construction;0,65;0,16
2017;OVERALL   ;Drilling;1,71;0,51
2017;OVERALL   ;Exploration;0,69;0,21
2017;OVERALL   ;OVERALL;0,96;0,27
2017;OVERALL   ;Production;1,1;0,32
2017;OVERALL   ;Unspecified;0,63;0,15
2017;P         ;Construction;0;0
2017;P         ;Drilling;1,13;0,56
2017;P         ;Exploration;0,59;0
2017;P         ;Production;1,99;0,5
2017;P         ;Unspecified;0,28;0,28
2017;PP        ;Unspecified;0;0
2017;Q         ;Drilling;0;0
2017;Q         ;Exploration;0;0
2017;Q         ;Production;2,04;1,16
2017;Q         ;Unspecified;0,27;0
2017;QQ        ;Construction;0;0
2017;QQ        ;Drilling;0;0
2017;QQ        ;Production;0;0
2017;QQ        ;Unspecified;0;0
2017;R         ;Construction;0;0
2017;R         ;Drilling;1,86;0,93
2017;R         ;Exploration;0;0
2017;R         ;Production;0,52;0
2017;RR        ;Production;0;0
2017;S         ;Construction;0,74;0
2017;S         ;Drilling;4,5;0,9
2017;S         ;Exploration;2,46;0
2017;S         ;Production;1,33;0,33
2017;S         ;Unspecified;1,9;0,48
2017;T         ;Construction;0,83;0,47
2017;T         ;Drilling;1,05;0,35
2017;T         ;Exploration;0;0
2017;T         ;Production;0,75;0,25
2017;T         ;Unspecified;1,37;0,15
2017;U         ;Construction;0;0
2017;U         ;Drilling;4,74;0,68
2017;U         ;Exploration;0;0
2017;U         ;Production;0,89;0,3
2017;U         ;Unspecified;0;0
2017;V         ;Construction;1,41;0,12
2017;V         ;Drilling;1,75;0,39
2017;V         ;Exploration;0,62;0,21
2017;V         ;Production;1,02;0,3
2017;V         ;Unspecified;0,51;0,16
2017;W         ;Construction;2,74;0,91
2017;W         ;Production;0;0
2017;X         ;Construction;0,19;0
2017;X         ;Drilling;1,51;0,29
2017;X         ;Exploration;0;0
2017;X         ;Production;1,28;0,26
2017;X         ;Unspecified;0,87;0,2
2017;Y         ;Construction;1,32;0,15
2017;Y         ;Drilling;6,68;2,67
2017;Y         ;Production;3,21;1,61
2017;Y         ;Unspecified;1,66;0,26
2017;Z         ;Construction;0;0
2017;Z         ;Drilling;5,88;1,18
2017;Z         ;Exploration;4,12;0
2017;Z         ;Production;1,23;0,15
2017;Z         ;Unspecified;0;0
2018;00        ;Drilling;0;0
2018;00        ;Unspecified;0;0
2018;A         ;Construction;0;0
2018;A         ;Drilling;0;0
2018;A         ;Production;4,38;2,5
2018;A         ;Unspecified;1,07;0
2018;AA        ;Construction;0;0
2018;AA        ;Drilling;2,8;0,7
2018;AA        ;Production;1,2;0,2
2018;AA        ;Unspecified;0;0
2018;B         ;Construction;3,09;3,09
2018;B         ;Drilling;4,42;2,95
2018;B         ;Production;0,47;0,47
2018;B         ;Unspecified;0;0
2018;BB        ;Construction;0,09;0
2018;BB        ;Drilling;0,67;0,49
2018;BB        ;Exploration;0;0
2018;BB        ;Production;0,4;0,17
2018;BB        ;Unspecified;0,14;0,07
2018;C         ;Construction;2,96;0,89
2018;C         ;Production;1,75;0,78
2018;CC        ;Construction;6,9;0
2018;CC        ;Drilling;2,88;0,36
2018;CC        ;Exploration;1,05;0
2018;CC        ;Production;1,35;0,45
2018;CC        ;Unspecified;0;0
2018;D         ;Drilling;2,81;2,5
2018;D         ;Production;0,23;0,23
2018;DD        ;Construction;0,54;0,54
2018;DD        ;Drilling;1;0
2018;DD        ;Exploration;9,7;0
2018;DD        ;Production;0,73;0,73
2018;DD        ;Unspecified;0;0
2018;E         ;Construction;2,1;0,49
2018;E         ;Drilling;2,94;1,61
2018;E         ;Exploration;0;0
2018;E         ;Production;3,31;1,11
2018;E         ;Unspecified;0,74;0
2018;EE        ;Construction;0,46;0
2018;EE        ;Drilling;2,64;0,21
2018;EE        ;Exploration;0,44;0
2018;EE        ;Production;1,28;0,2
2018;EE        ;Unspecified;0,5;0,04
2018;F         ;Construction;2,22;1,15
2018;F         ;Drilling;2,16;1,26
2018;F         ;Exploration;1,27;1,27
2018;F         ;Production;1,17;0,59
2018;F         ;Unspecified;0,78;0,39
2018;FF        ;Construction;0,17;0,05
2018;FF        ;Drilling;0,56;0,45
2018;FF        ;Exploration;0;0
2018;FF        ;Production;0,37;0,19
2018;FF        ;Unspecified;0,09;0,02
2018;G         ;Drilling;0,88;0,08
2018;G         ;Exploration;0,59;0
2018;G         ;Production;4,29;1,33
2018;G         ;Unspecified;1,71;0,24
2018;GG        ;Construction;0,13;0
2018;GG        ;Drilling;0,89;0,22
2018;GG        ;Exploration;2,7;2,7
2018;GG        ;Production;0,45;0,11
2018;GG        ;Unspecified;0,58;0,29
2018;H         ;Construction;0;0
2018;H         ;Drilling;3,14;0,86
2018;H         ;Exploration;4,92;2,73
2018;H         ;Production;2,98;0,77
2018;H         ;Unspecified;0,24;0
2018;HH        ;Construction;0;0
2018;HH        ;Production;0,86;0,17
2018;I         ;Construction;3,69;1,85
2018;I         ;Drilling;2,6;1,3
2018;I         ;Production;8,59;0,51
2018;I         ;Unspecified;0,25;0
2018;II        ;Construction;0,5;0,09
2018;II        ;Drilling;1,69;0,39
2018;II        ;Production;1,29;0,15
2018;II        ;Unspecified;0,35;0
2018;J         ;Drilling;2,7;1,35
2018;J         ;Exploration;9,35;0
2018;J         ;Unspecified;0;0
2018;JJ        ;Construction;0,22;0,11
2018;JJ        ;Drilling;1,76;1,76
2018;JJ        ;Production;0,84;0
2018;JJ        ;Unspecified;0,17;0
2018;K         ;Construction;2,34;0,58
2018;K         ;Drilling;2,23;0,64
2018;K         ;Exploration;0;0
2018;K         ;Production;3,13;0,36
2018;K         ;Unspecified;1,3;0,52
2018;KK        ;Construction;0,08;0,04
2018;KK        ;Drilling;1,26;0,23
2018;KK        ;Exploration;0;0
2018;KK        ;Production;0,32;0,15
2018;KK        ;Unspecified;0,27;0,09
2018;L         ;Construction;2,05;0,23
2018;L         ;Drilling;1,17;0,58
2018;L         ;Production;1;0,56
2018;L         ;Unspecified;0;0
2018;LL        ;Construction;0,84;0,05
2018;LL        ;Drilling;1,12;0,13
2018;LL        ;Exploration;0;0
2018;LL        ;Production;1,02;0,14
2018;LL        ;Unspecified;0,3;0,04
2018;M         ;Construction;0;0
2018;M         ;Drilling;0,99;0
2018;M         ;Exploration;3,5;3,5
2018;M         ;Production;9,34;0
2018;M         ;Unspecified;0,91;0,61
2018;MM        ;Construction;1,68;0
2018;MM        ;Drilling;1,63;0,47
2018;MM        ;Production;0,42;0
2018;MM        ;Unspecified;0,66;0
2018;N         ;Drilling;6;1,2
2018;N         ;Unspecified;0,78;0,31
2018;NN        ;Construction;0,3;0,04
2018;NN        ;Drilling;1,1;0,25
2018;NN        ;Production;0,39;0,05
2018;NN        ;Unspecified;0,74;0
2018;O         ;Construction;0;0
2018;O         ;Drilling;1,73;0,39
2018;O         ;Exploration;0;0
2018;O         ;Production;2,09;0,48
2018;O         ;Unspecified;0,36;0,36
2018;OVERALL   ;Construction;0,71;0,15
2018;OVERALL   ;Drilling;1,7;0,47
2018;OVERALL   ;Exploration;1,38;0,38
2018;OVERALL   ;OVERALL;0,99;0,26
2018;OVERALL   ;Production;1,16;0,32
2018;OVERALL   ;Unspecified;0,54;0,14
2018;P         ;Construction;0,32;0,11
2018;P         ;Drilling;2,79;0,81
2018;P         ;Exploration;0;0
2018;P         ;Production;1,12;0,27
2018;P         ;Unspecified;1,31;0,5
2018;PP        ;Drilling;2,97;0
2018;PP        ;Production;2,03;0
2018;PP        ;Unspecified;0;0
2018;Q         ;Construction;0,77;0,15
2018;Q         ;Drilling;1,86;0,5
2018;Q         ;Exploration;1,11;0,14
2018;Q         ;Production;1,18;0,4
2018;Q         ;Unspecified;0,47;0,29
2018;QQ        ;Construction;0,83;0
2018;QQ        ;Drilling;11,08;0
2018;QQ        ;Production;4,78;0
2018;QQ        ;Unspecified;2,55;0
2018;R         ;Construction;0,97;0
2018;R         ;Drilling;1,17;0,59
2018;R         ;Exploration;0;0
2018;R         ;Production;0,79;0,23
2018;R         ;Unspecified;0,51;0,25
2018;RR        ;Drilling;0;0
2018;S         ;Construction;2,27;0,16
2018;S         ;Drilling;6,54;0,5
2018;S         ;Exploration;2,14;0
2018;S         ;Production;4,18;0,35
2018;S         ;Unspecified;2,28;0
2018;T         ;Construction;2,56;0,34
2018;T         ;Drilling;1,27;0
2018;T         ;Exploration;0;0
2018;T         ;Production;1,21;0,61
2018;T         ;Unspecified;0;0
2018;U         ;Construction;1,41;0,05
2018;U         ;Drilling;0;0
2018;U         ;Production;3,94;0,66
2018;U         ;Unspecified;2,47;0,87
2018;V         ;Drilling;0;0
2018;V         ;Production;1,03;0,77
2018;V         ;Unspecified;0,35;0
2018;W         ;Drilling;15,81;0
2018;W         ;Production;0,97;0,32
2018;X         ;Drilling;0,69;0
2018;X         ;Production;0,93;0,46
2018;X         ;Unspecified;0;0
2018;Y         ;Unspecified;0,81;0,22
2018;Z         ;Construction;0,62;0,1
2018;Z         ;Drilling;1,3;0,27
2018;Z         ;Exploration;0,85;0
2018;Z         ;Production;1,17;0,15
2018;Z         ;Unspecified;0,59;0,32
2019;A         ;Drilling;5,68;5,68
2019;A         ;Exploration;1,86;1,86
2019;AA        ;Construction;0;0
2019;AA        ;Drilling;2,53;1,26
2019;AA        ;Production;1,88;0,31
2019;AA        ;Unspecified;0;0
2019;B         ;Construction;0;0
2019;B         ;Drilling;5,56;2,22
2019;B         ;Production;5,32;1,06
2019;BB        ;Construction;0,75;0
2019;BB        ;Drilling;1,02;0,51
2019;BB        ;Exploration;1,35;1,35
2019;BB        ;Production;0,56;0,19
2019;BB        ;Unspecified;0;0
2019;C         ;Drilling;2,05;2,05
2019;C         ;Production;1,86;0,93
2019;CC        ;Construction;0,82;0,14
2019;CC        ;Drilling;1,08;0
2019;CC        ;Production;1,64;0,55
2019;CC        ;Unspecified;0,66;0,22
2019;D         ;Unspecified;3,09;1,03
2019;DD        ;Construction;1,7;0,57
2019;DD        ;Drilling;0;0
2019;DD        ;Exploration;0;0
2019;DD        ;Production;1,07;0
2019;DD        ;Unspecified;0,39;0,19
2019;E         ;Unspecified;2,25;1
2019;EE        ;Construction;0,65;0,19
2019;EE        ;Drilling;0,71;0,1
2019;EE        ;Exploration;0,39;0
2019;EE        ;Production;1,44;0,22
2019;EE        ;Unspecified;0,48;0,2
2019;F         ;Construction;3,21;1,6
2019;F         ;Drilling;2,83;1,33
2019;F         ;Exploration;3,08;1,54
2019;F         ;Production;2,22;0,68
2019;F         ;Unspecified;0;0
2019;FF        ;Construction;0,35;0,01
2019;FF        ;Drilling;1,91;0,66
2019;FF        ;Production;1,24;0,27
2019;FF        ;Unspecified;0,45;0,15
2019;G         ;Construction;1,84;0,4
2019;G         ;Drilling;3,44;1,51
2019;G         ;Exploration;1,65;0,66
2019;G         ;Production;2,98;1,05
2019;GG        ;Construction;1,22;0,22
2019;GG        ;Drilling;2,9;0,28
2019;GG        ;Exploration;0;0
2019;GG        ;Production;0,86;0,15
2019;GG        ;Unspecified;1,39;0,17
2019;H         ;Production;2,11;0,66
2019;HH        ;Construction;0,27;0,13
2019;HH        ;Drilling;0,45;0,32
2019;HH        ;Exploration;0;0
2019;HH        ;Production;0,37;0,12
2019;HH        ;Unspecified;0,16;0,11
2019;I         ;Drilling;2,39;0,99
2019;I         ;Exploration;8,17;3,27
2019;I         ;Production;1,17;0,49
2019;I         ;Unspecified;0;0
2019;II        ;Construction;0,06;0,02
2019;II        ;Drilling;0,7;0,35
2019;II        ;Exploration;0;0
2019;II        ;Production;0,48;0,25
2019;II        ;Unspecified;0,14;0,04
2019;J         ;Unspecified;;0,59
2019;JJ        ;Unspecified;0,77;0,15
2019;K         ;Drilling;0;0
2019;K         ;Production;1,3;0,52
2019;K         ;Unspecified;0,78;0,78
2019;KK        ;Construction;0;0
2019;KK        ;Drilling;1,87;0
2019;KK        ;Production;0,62;0,15
2019;KK        ;Unspecified;0;0
2019;L         ;Construction;2,19;0,82
2019;L         ;Drilling;4,42;1,97
2019;L         ;Production;1,06;0,3
2019;L         ;Unspecified;0,71;0,71
2019;LL        ;Construction;0,03;0,01
2019;LL        ;Drilling;1,47;0,28
2019;LL        ;Exploration;0,64;0
2019;LL        ;Production;0,28;0,16
2019;LL        ;Unspecified;0,32;0,08
2019;M         ;Unspecified;3,3;0,55
2019;MM        ;Drilling;2,23;0,74
2019;MM        ;Exploration;0;0
2019;MM        ;Production;0,59;0
2019;MM        ;Unspecified;0,26;0
2019;N         ;Construction;7,09;7,09
2019;N         ;Drilling;6,25;0
2019;N         ;Production;1,32;0
2019;NN        ;Construction;0;0
2019;NN        ;Drilling;0,65;0,26
2019;NN        ;Exploration;0;0
2019;NN        ;Production;0,28;0,15
2019;NN        ;Unspecified;0,17;0
2019;O         ;Construction;0,79;0,53
2019;O         ;Drilling;1,38;0,71
2019;O         ;Exploration;0,99;0,99
2019;O         ;Production;0,83;0,42
2019;OO        ;Construction;1,88;0
2019;OO        ;Drilling;0,45;0,22
2019;OO        ;Exploration;7,46;0
2019;OO        ;Production;0,63;0,06
2019;OO        ;Unspecified;0,25;0
2019;OVERALL   ;Construction;0,67;0,13
2019;OVERALL   ;Drilling;1,8;0,47
2019;OVERALL   ;Exploration;1,29;0,66
2019;OVERALL   ;OVERALL;0,92;0,24
2019;OVERALL   ;Production;0,92;0,27
2019;OVERALL   ;Unspecified;0,57;0,12
2019;P         ;Construction;0,79;0,11
2019;P         ;Drilling;2,88;0,89
2019;P         ;Exploration;0;0
2019;P         ;Production;1,28;0,38
2019;P         ;Unspecified;1,85;0,46
2019;PP        ;Construction;0,94;0,09
2019;PP        ;Drilling;1,97;0,17
2019;PP        ;Exploration;1,55;0,78
2019;PP        ;Production;0,75;0,06
2019;PP        ;Unspecified;0,39;0,03
2019;Q         ;Construction;0;0
2019;Q         ;Drilling;4,79;0
2019;Q         ;Exploration;0;0
2019;Q         ;Production;5,68;0,95
2019;Q         ;Unspecified;0,75;0,37
2019;QQ        ;Construction;0,39;0,06
2019;QQ        ;Drilling;1,12;0,18
2019;QQ        ;Production;0,44;0,03
2019;QQ        ;Unspecified;0,51;0
2019;R         ;Construction;0;0
2019;R         ;Drilling;0,51;0,51
2019;R         ;Exploration;0;0
2019;R         ;Production;1,56;0,52
2019;R         ;Unspecified;0;0
2019;RR        ;Construction;0,35;0,09
2019;RR        ;Drilling;1,12;0
2019;RR        ;Production;0,44;0,06
2019;RR        ;Unspecified;0,15;0
2019;S         ;Drilling;0,65;0
2019;S         ;Production;0,69;0,48
2019;SS        ;Drilling;0;0
2019;SS        ;Unspecified;0;0
2019;T         ;Construction;1,42;0,32
2019;T         ;Drilling;7,6;0,81
2019;T         ;Exploration;3,28;1,64
2019;T         ;Production;2,46;0,3
2019;T         ;Unspecified;1,69;0,11
2019;TT        ;Drilling;2,24;0
2019;TT        ;Unspecified;0;0
2019;U         ;Drilling;1,09;1,09
2019;U         ;Exploration;0,65;0
2019;U         ;Production;0,47;0,47
2019;U         ;Unspecified;1,52;0
2019;UU        ;Drilling;1,76;0
2019;UU        ;Unspecified;0;0
2019;V         ;Drilling;0;0
2019;V         ;Exploration;0;0
2019;V         ;Production;4,97;1,66
2019;V         ;Unspecified;0;0
2019;W         ;Construction;0,37;0
2019;W         ;Drilling;1,51;0
2019;W         ;Production;3,38;0,53
2019;W         ;Unspecified;0,3;0,3
2019;X         ;Construction;0,97;0,14
2019;X         ;Drilling;1,71;0,57
2019;X         ;Exploration;1,01;0,34
2019;X         ;Production;0,85;0,31
2019;X         ;Unspecified;0,53;0
2019;Y         ;Construction;1,52;0
2019;Y         ;Drilling;0,85;0
2019;Y         ;Exploration;4,24;1,06
2019;Y         ;Production;2,41;0,6
2019;Y         ;Unspecified;0,77;0
2019;Z         ;Construction;1,62;0,09
2019;Z         ;Drilling;4,1;0,63
2019;Z         ;Exploration;2,79;0
2019;Z         ;Production;2,1;0,25
2019;Z         ;Unspecified;0,56;0,56
2020;A         ;Drilling;0;0
2020;A         ;Exploration;0;0
2020;A         ;Production;5,25;5,25
2020;AA        ;Unspecified;3,52;0,21
2020;B         ;Drilling;4,76;4,76
2020;B         ;Exploration;1,9;1,9
2020;BB        ;Unspecified;0,6;0,18
2020;C         ;Construction;0;0
2020;C         ;Drilling;2,08;1,56
2020;C         ;Production;3,74;1,36
2020;C         ;Unspecified;1,15;0,69
2020;CC        ;Construction;0,2;0,02
2020;CC        ;Drilling;1,69;0,59
2020;CC        ;Production;0,98;0,27
2020;CC        ;Unspecified;0,09;0
2020;D         ;Drilling;2,64;2,11
2020;D         ;Production;0,8;0,62
2020;DD        ;Construction;0,61;0,26
2020;DD        ;Drilling;1,58;0,24
2020;DD        ;Production;0,84;0
2020;DD        ;Unspecified;0,21;0
2020;E         ;Construction;0;0
2020;E         ;Drilling;3,35;1,12
2020;E         ;Production;1,94;0,97
2020;E         ;Unspecified;0;0
2020;EE        ;Construction;0,72;0,72
2020;EE        ;Drilling;0,7;0,23
2020;EE        ;Exploration;0;0
2020;EE        ;Production;0,29;0,1
2020;EE        ;Unspecified;0;0
2020;F         ;Construction;1,71;0,26
2020;F         ;Drilling;3,97;2,03
2020;F         ;Exploration;1,16;0
2020;F         ;Production;2,5;1,06
2020;FF        ;Construction;0,68;0,09
2020;FF        ;Drilling;1,11;0,09
2020;FF        ;Exploration;0;0
2020;FF        ;Production;0,79;0,15
2020;FF        ;Unspecified;0,4;0,04
2020;G         ;Drilling;1,98;1,98
2020;G         ;Unspecified;0;0
2020;GG        ;Construction;1,05;0,21
2020;GG        ;Drilling;1,25;0,62
2020;GG        ;Production;0,23;0,04
2020;GG        ;Unspecified;0,48;0
2020;H         ;Production;0;0
2020;H         ;Unspecified;1,02;0,76
2020;HH        ;Construction;0,59;0,11
2020;HH        ;Drilling;1,69;0,35
2020;HH        ;Exploration;0;0
2020;HH        ;Production;0,58;0,13
2020;HH        ;Unspecified;0,39;0,05
2020;I         ;Production;1,45;0,68
2020;II        ;Drilling;0;0
2020;II        ;Exploration;0;0
2020;II        ;Production;0,25;0,11
2020;II        ;Unspecified;0;0
2020;J         ;Construction;1,96;0,59
2020;J         ;Drilling;4,15;0,36
2020;J         ;Exploration;0;0
2020;J         ;Production;2,98;0,62
2020;J         ;Unspecified;1,16;0,29
2020;JJ        ;Construction;0,07;0,03
2020;JJ        ;Drilling;0,51;0,25
2020;JJ        ;Exploration;0;0
2020;JJ        ;Production;0,3;0,12
2020;JJ        ;Unspecified;0,1;0,04
2020;K         ;Construction;0;0
2020;K         ;Drilling;4,96;1,65
2020;K         ;Exploration;0;0
2020;K         ;Production;2,54;0,91
2020;K         ;Unspecified;0,3;0,1
2020;KK        ;Construction;0,07;0,01
2020;KK        ;Drilling;1,33;0,24
2020;KK        ;Exploration;0,43;0
2020;KK        ;Production;0,27;0,13
2020;KK        ;Unspecified;0,21;0
2020;L         ;Construction;8,4;8,4
2020;L         ;Drilling;1,83;1,83
2020;L         ;Production;0,38;0,19
2020;L         ;Unspecified;0;0
2020;LL        ;Construction;0,09;0
2020;LL        ;Drilling;0,43;0,18
2020;LL        ;Exploration;;0
2020;LL        ;Production;0,21;0,08
2020;LL        ;Unspecified;;0,07
2020;M         ;Construction;1,8;0,9
2020;M         ;Drilling;7;2,8
2020;M         ;Production;0,75;0,28
2020;M         ;Unspecified;0,44;0
2020;MM        ;Construction;0,1;0,01
2020;MM        ;Drilling;1,08;0,34
2020;MM        ;Production;0,34;0,07
2020;MM        ;Unspecified;0,09;0
2020;N         ;Construction;0,45;0,3
2020;N         ;Drilling;1,11;0,74
2020;N         ;Exploration;0;0
2020;N         ;Production;0,77;0,4
2020;NN        ;Construction;0,43;0
2020;NN        ;Drilling;2,69;0
2020;NN        ;Exploration;0;0
2020;NN        ;Production;0,96;0,16
2020;NN        ;Unspecified;0,63;0
2020;O         ;Unspecified;1,17;0,39
2020;OO        ;Drilling;0;0
2020;OO        ;Unspecified;0;0
2020;OVERALL   ;Construction;0,49;0,12
2020;OVERALL   ;Drilling;1,47;0,47
2020;OVERALL   ;Exploration;0,87;0,42
2020;OVERALL   ;OVERALL;0,7;0,22
2020;OVERALL   ;Production;0,72;0,24
2020;OVERALL   ;Unspecified;0,42;0,12
2020;P         ;Unspecified;1,48;0,37
2020;PP        ;Construction;0;0
2020;PP        ;Drilling;8,7;0
2020;PP        ;Production;0;0
2020;PP        ;Unspecified;0;0
2020;Q         ;Construction;0;0
2020;Q         ;Drilling;1,89;0
2020;Q         ;Production;1,11;0,74
2020;Q         ;Unspecified;0;0
2020;QQ        ;Unspecified;0;0
2020;R         ;Exploration;8,87;2,18
2020;R         ;Production;0,82;0,21
2020;R         ;Unspecified;0;0
2020;RR        ;Drilling;;0
2020;RR        ;Production;2,42;0
2020;S         ;Unspecified;0,41;0,28
2020;SS        ;Construction;0;0
2020;SS        ;Drilling;0;0
2020;SS        ;Exploration;0;0
2020;SS        ;Production;3,51;0
2020;SS        ;Unspecified;0;0
2020;T         ;Construction;0;0
2020;T         ;Drilling;2,8;1,4
2020;T         ;Production;4,33;0,22
2020;T         ;Unspecified;0,74;0,19
2020;TT        ;Construction;0;0
2020;TT        ;Drilling;0;0
2020;TT        ;Production;0,86;0
2020;U         ;Construction;1,35;0,34
2020;U         ;Drilling;2,07;0,65
2020;U         ;Exploration;0,62;0,62
2020;U         ;Production;0,74;0,21
2020;U         ;Unspecified;0,22;0,15
2020;UU        ;Production;3,52;0
2020;V         ;Construction;4,52;0
2020;V         ;Drilling;6,8;0
2020;V         ;Exploration;0;0
2020;V         ;Production;2,8;0,67
2020;V         ;Unspecified;0;0
2020;W         ;Construction;0,67;0,18
2020;W         ;Drilling;1,38;0,3
2020;W         ;Exploration;1,11;0,22
2020;W         ;Production;0,75;0,26
2020;W         ;Unspecified;0,43;0,11
2020;X         ;Construction;2,42;0
2020;X         ;Drilling;1,61;1,07
2020;X         ;Production;0,97;0,19
2020;X         ;Unspecified;0;0
2020;Y         ;Construction;0,81;0
2020;Y         ;Drilling;0,91;0
2020;Y         ;Exploration;1,68;0
2020;Y         ;Production;2,66;0,89
2020;Y         ;Unspecified;0,45;0,22
2020;Z         ;Construction;0,95;0,32
2020;Z         ;Drilling;2;0,57
2020;Z         ;Exploration;0;0
2020;Z         ;Production;0,21;0,17
2020;Z         ;Unspecified;0,45;0
2021;A         ;Drilling;4,87;4,87
2021;A         ;Exploration;1,64;1,64
2021;AA        ;Construction;1,2;0
2021;AA        ;Drilling;0;0
2021;AA        ;Production;2,99;1
2021;AA        ;Unspecified;0;0
2021;B         ;Production;3,25;1,01
2021;BB        ;Construction;1,4;0,23
2021;BB        ;Drilling;2,02;0,78
2021;BB        ;Exploration;0;0
2021;BB        ;Production;0,29;0
2021;BB        ;Unspecified;0,44;0
2021;C         ;Production;2,08;0,99
2021;CC        ;Construction;2,53;1,27
2021;CC        ;Drilling;1,21;0
2021;CC        ;Exploration;0;0
2021;CC        ;Production;0,82;0,14
2021;CC        ;Unspecified;0,16;0
2021;D         ;Drilling;0;0
2021;D         ;Exploration;0;0
2021;D         ;Production;1,95;0
2021;DD        ;Construction;0,52;0,15
2021;DD        ;Drilling;1,75;0,22
2021;DD        ;Exploration;0;0
2021;DD        ;Production;0,87;0,23
2021;DD        ;Unspecified;0,15;0,03
2021;E         ;Drilling;1,81;1,81
2021;E         ;Unspecified;0;0
2021;EE        ;Construction;0;0
2021;EE        ;Drilling;0,2;0,18
2021;EE        ;Exploration;0;0
2021;EE        ;Production;0,32;0,18
2021;EE        ;Unspecified;0,13;0,13
2021;F         ;Exploration;0;0
2021;F         ;Production;1,14;0,85
2021;FF        ;Construction;0,29;0
2021;FF        ;Drilling;0,81;0,41
2021;FF        ;Production;0,43;0
2021;FF        ;Unspecified;0,2;0
2021;G         ;Construction;1,64;0,39
2021;G         ;Drilling;3,8;1,79
2021;G         ;Exploration;1,05;0
2021;G         ;Production;2,7;1,11
2021;H         ;Unspecified;2,59;0,76
2021;HH        ;Construction;1,8;0
2021;HH        ;Drilling;0,87;0,16
2021;HH        ;Exploration;1,09;0
2021;HH        ;Production;1,06;0,15
2021;HH        ;Unspecified;0,55;0
2021;I         ;Drilling;6,21;3,11
2021;I         ;Production;0;0
2021;II        ;Construction;0,14;0
2021;II        ;Drilling;1,5;0,5
2021;II        ;Production;0,36;0,11
2021;II        ;Unspecified;0,41;0
2021;J         ;Construction;3,8;2,53
2021;J         ;Drilling;0,63;0,63
2021;J         ;Production;1,91;0,64
2021;J         ;Unspecified;0,33;0,33
2021;JJ        ;Construction;0,95;0,12
2021;JJ        ;Drilling;2,77;0,22
2021;JJ        ;Exploration;0;0
2021;JJ        ;Production;1,03;0,31
2021;JJ        ;Unspecified;0,61;0,05
2021;K         ;Construction;2,46;0,64
2021;K         ;Drilling;4,26;0,69
2021;K         ;Exploration;0;0
2021;K         ;Production;3,04;0,84
2021;K         ;Unspecified;1,65;0,25
2021;KK        ;Construction;2,19;0
2021;KK        ;Drilling;2,88;0,58
2021;KK        ;Exploration;0;0
2021;KK        ;Production;4,5;0
2021;KK        ;Unspecified;1,03;0
2021;L         ;Construction;1,93;0
2021;L         ;Drilling;3,19;0,64
2021;L         ;Production;0,91;0,45
2021;L         ;Unspecified;1,68;1,12
2021;LL        ;Construction;0,26;0,04
2021;LL        ;Drilling;0,36;0,27
2021;LL        ;Exploration;0;0
2021;LL        ;Production;0,26;0,12
2021;LL        ;Unspecified;0,08;0,06
2021;M         ;Construction;2,84;0,57
2021;M         ;Drilling;2,68;0
2021;M         ;Exploration;0;0
2021;M         ;Production;1,98;0,61
2021;M         ;Unspecified;0,42;0,42
2021;MM        ;Construction;1,05;0
2021;MM        ;Drilling;3,66;0,38
2021;MM        ;Production;0,88;0,08
2021;MM        ;Unspecified;0;0
2021;N         ;Construction;0,48;0,43
2021;N         ;Drilling;1,32;0,66
2021;N         ;Exploration;0;0
2021;N         ;Production;0,75;0,43
2021;N         ;Unspecified;0,65;0,33
2021;NN        ;Exploration;0,44;0
2021;NN        ;Production;0,66;0,07
2021;NN        ;Unspecified;0,36;0
2021;O         ;Construction;1,66;1,05
2021;O         ;Drilling;1,95;0,45
2021;O         ;Exploration;0,53;0,53
2021;O         ;Production;0,96;0,38
2021;O         ;Unspecified;0,49;0
2021;OO        ;Construction;0,08;0,02
2021;OO        ;Drilling;1,2;0,13
2021;OO        ;Exploration;0;0
2021;OO        ;Production;0,17;0,06
2021;OO        ;Unspecified;0,68;0,14
2021;OVERALL   ;Construction;0,59;0,15
2021;OVERALL   ;Drilling;1,33;0,4
2021;OVERALL   ;Exploration;0,48;0,37
2021;OVERALL   ;OVERALL;0,77;0,22
2021;OVERALL   ;Production;0,79;0,25
2021;OVERALL   ;Unspecified;0,5;0,08
2021;P         ;Construction;0,97;0,32
2021;P         ;Drilling;1,55;0,77
2021;P         ;Exploration;1,88;1,88
2021;P         ;Production;1,02;0,39
2021;P         ;Unspecified;0,15;0
2021;PP        ;Construction;0,06;0,01
2021;PP        ;Drilling;0,6;0,18
2021;PP        ;Production;0,21;0,04
2021;PP        ;Unspecified;0,31;0
2021;Q         ;Drilling;0;0
2021;Q         ;Production;0,85;0,42
2021;Q         ;Unspecified;0;0
2021;QQ        ;Drilling;0;0
2021;QQ        ;Production;0;0
2021;R         ;Construction;1,46;0
2021;R         ;Drilling;1,77;1,18
2021;R         ;Production;6,6;0,75
2021;R         ;Unspecified;0,55;0
2021;RR        ;Drilling;0;0
2021;RR        ;Production;0;0
2021;RR        ;Unspecified;0;0
2021;S         ;Construction;0,81;0,81
2021;S         ;Drilling;0;0
2021;S         ;Exploration;0;0
2021;S         ;Production;0,43;0,43
2021;S         ;Unspecified;0;0
2021;SS        ;Unspecified;0;0
2021;TT        ;Drilling;0,52;0
2021;TT        ;Exploration;0;0
2021;TT        ;Production;0,87;0
2021;TT        ;Unspecified;0,51;0
2021;U         ;Construction;0;0
2021;U         ;Drilling;5,92;1,18
2021;U         ;Production;0;0
2021;UU        ;Construction;0,82;0
2021;UU        ;Drilling;0;0
2021;UU        ;Production;0,47;0
2021;UU        ;Unspecified;0;0
2021;V         ;Drilling;0;0
2021;V         ;Production;0,99;0,5
2021;V         ;Unspecified;0;0
2021;VV        ;Drilling;0,28;0
2021;VV        ;Exploration;0;0
2021;VV        ;Production;0;0
2021;W         ;Construction;2,64;0,53
2021;W         ;Production;0;0
2021;W         ;Unspecified;0,42;0,21
2021;WW        ;Construction;0;0
2021;WW        ;Drilling;3,78;0
2021;WW        ;Exploration;0;0
2021;WW        ;Production;7,5;0
2021;WW        ;Unspecified;2,38;0
2021;X         ;Production;0,78;0,24
2021;X         ;Unspecified;1,12;0
2021;XX        ;Production;0;0
2021;XX        ;Unspecified;2,22;0
2021;Y         ;Exploration;0;0
2021;Y         ;Production;0,45;0,22
2021;Z         ;Construction;0,13;0,05
2021;Z         ;Drilling;1,65;0,76
2021;Z         ;Exploration;0;0
2021;Z         ;Production;1,38;0,22
2022;A         ;Drilling;2,12;2,12
2022;A         ;Exploration;4;4
2022;A         ;Production;1,74;1,74
2022;A         ;Unspecified;2,06;2,06
2022;AA        ;Construction;0,65;0,13
2022;AA        ;Drilling;1,27;0,25
2022;AA        ;Exploration;0;0
2022;AA        ;Production;0,91;0,23
2022;B         ;Production;3,16;1,28
2022;BB        ;Construction;0,32;0,16
2022;BB        ;Drilling;0,87;0,26
2022;BB        ;Exploration;0,13;0
2022;BB        ;Production;0,22;0,11
2022;BB        ;Unspecified;0,3;0,18
2022;C         ;Drilling;6,79;1,85
2022;C         ;Production;4,65;1,4
2022;C         ;Unspecified;0,86;0,29
2022;CC        ;Construction;1,57;0,22
2022;CC        ;Drilling;2,34;0,26
2022;CC        ;Exploration;0;0
2022;CC        ;Production;0,32;0,07
2022;CC        ;Unspecified;1,24;0,35
2022;D         ;Production;1,95;0,98
2022;DD        ;Construction;1,78;0,14
2022;DD        ;Drilling;1,57;0,21
2022;DD        ;Exploration;0;0
2022;DD        ;Production;1;0,17
2022;DD        ;Unspecified;0,08;0
2022;E         ;Construction;0;0
2022;E         ;Drilling;4,07;0
2022;E         ;Production;1,7;1,06
2022;E         ;Unspecified;0;0
2022;EE        ;Construction;0,7;0,07
2022;EE        ;Drilling;0,99;0,2
2022;EE        ;Exploration;0;0
2022;EE        ;Production;0,87;0,22
2022;EE        ;Unspecified;0,17;0,03
2022;F         ;Construction;2,04;0,82
2022;F         ;Drilling;7,93;1,22
2022;F         ;Exploration;2,02;2,02
2022;F         ;Production;2,21;0,86
2022;F         ;Unspecified;2,09;0,52
2022;FF        ;Construction;0;0
2022;FF        ;Drilling;0;0
2022;FF        ;Unspecified;0,41;0,12
2022;G         ;Production;1,34;0,85
2022;GG        ;Construction;0,78;0,1
2022;GG        ;Drilling;3,61;0,22
2022;GG        ;Exploration;2,11;0
2022;GG        ;Production;1,04;0,17
2022;GG        ;Unspecified;0,88;0,06
2022;H         ;Construction;2,34;1,59
2022;H         ;Drilling;1,66;1,07
2022;H         ;Exploration;0,53;0,53
2022;H         ;Production;1,22;0,83
2022;H         ;Unspecified;0,41;0,1
2022;HH        ;Construction;0,07;0
2022;HH        ;Drilling;0,56;0,27
2022;HH        ;Production;0,13;0,06
2022;HH        ;Unspecified;0,5;0,09
2022;I         ;Construction;1,46;0,34
2022;I         ;Drilling;5,22;1,67
2022;I         ;Exploration;0,77;0
2022;I         ;Production;2,93;1,19
2022;I         ;Unspecified;0;0
2022;II        ;Production;0,24;0,09
2022;II        ;Unspecified;0;0
2022;J         ;Construction;3,66;0
2022;J         ;Drilling;7,65;2,19
2022;J         ;Exploration;0;0
2022;J         ;Production;1,7;0
2022;J         ;Unspecified;0;0
2022;JJ        ;Construction;1,13;0
2022;JJ        ;Drilling;1,36;0,45
2022;JJ        ;Production;0,76;0
2022;JJ        ;Unspecified;0;0
2022;K         ;Construction;0,14;0
2022;K         ;Drilling;2,49;0,83
2022;K         ;Exploration;0;0
2022;K         ;Production;1,12;0,79
2022;K         ;Unspecified;0,59;0,59
2022;KK        ;Construction;0;0
2022;KK        ;Drilling;0,35;0,18
2022;KK        ;Exploration;0;0
2022;KK        ;Production;0,11;0,02
2022;KK        ;Unspecified;0;0
2022;L         ;Exploration;0;0
2022;L         ;Production;2,06;1,03
2022;L         ;Unspecified;0;0
2022;LL        ;Construction;0;0
2022;LL        ;Drilling;3,05;0
2022;LL        ;Production;0,65;0
2022;LL        ;Unspecified;0;0
2022;M         ;Construction;3,94;1,07
2022;M         ;Drilling;0;0
2022;M         ;Production;1,66;0
2022;MM        ;Production;0;0
2022;N         ;Unspecified;1,63;0,54
2022;NN        ;Production;0;0
2022;O         ;Production;1,51;0,57
2022;O         ;Unspecified;;0
2022;OO        ;Production;0;0
2022;OVERALL   ;Construction;0,81;0,18
2022;OVERALL   ;Drilling;1,68;0,44
2022;OVERALL   ;Exploration;0,27;0,14
2022;OVERALL   ;OVERALL;0,9;0,28
2022;OVERALL   ;Production;0,84;0,32
2022;OVERALL   ;Unspecified;0,64;0,17
2022;P         ;Construction;3,48;1,74
2022;P         ;Drilling;4,41;0,88
2022;P         ;Exploration;0;0
2022;P         ;Production;2,32;0
2022;P         ;Unspecified;0,67;0,22
2022;PP        ;Production;2,46;0
2022;PP        ;Unspecified;0;0
2022;Q         ;Construction;3,69;2,22
2022;Q         ;Drilling;1,33;0,89
2022;Q         ;Exploration;0;0
2022;Q         ;Production;1,07;0
2022;Q         ;Unspecified;0;0
2022;QQ        ;Production;1,49;0
2022;R         ;Construction;0;0
2022;R         ;Drilling;2,16;1,08
2022;R         ;Exploration;0;0
2022;R         ;Production;1,61;0,54
2022;R         ;Unspecified;0;0
2022;RR        ;Drilling;0;0
2022;RR        ;Unspecified;0,71;0
2022;SS        ;Construction;0,99;0
2022;SS        ;Drilling;0,59;0
2022;SS        ;Production;0,43;0
2022;SS        ;Unspecified;0,18;0
2022;T         ;Construction;2,18;2,18
2022;T         ;Drilling;1,01;0,68
2022;T         ;Production;0,98;0,2
2022;T         ;Unspecified;0;0
2022;TT        ;Drilling;0;0
2022;TT        ;Production;0,59;0
2022;U         ;Construction;0,75;0,14
2022;U         ;Drilling;2,44;0,81
2022;U         ;Exploration;0;0
2022;U         ;Production;0,94;0,38
2022;U         ;Unspecified;0,04;0,02
2022;UU        ;Unspecified;0;0
2022;V         ;Construction;3,84;0
2022;V         ;Drilling;2,72;0
2022;V         ;Production;3,49;0,33
2022;V         ;Unspecified;1,1;0,37
2022;VV        ;Drilling;0;0
2022;VV        ;Production;1,41;0
2022;VV        ;Unspecified;0;0
2022;W         ;Construction;0;0
2022;W         ;Drilling;1,24;1,24
2022;W         ;Production;0,57;0,24
2022;W         ;Unspecified;0,6;0
2022;WW        ;Production;0,25;0
2022;X         ;Construction;2,21;0,95
2022;X         ;Drilling;2,63;0,45
2022;X         ;Exploration;3,12;0
2022;X         ;Production;0,7;0,07
2022;X         ;Unspecified;9,88;1,65
2022;XX        ;Drilling;1,15;0
2022;XX        ;Exploration;0;0
2022;XX        ;Production;0;0
2022;Y         ;Production;0,67;0,21
2022;Y         ;Unspecified;1,98;0,59
2022;Z         ;Construction;3,44;0
2022;Z         ;Drilling;2,56;0,73
2022;Z         ;Production;2,93;0,17
2022;Z         ;Unspecified;0,29;0
2023;A         ;Construction;0;0
2023;A         ;Drilling;0;0
2023;A         ;Exploration;0;0
2023;A         ;Production;3,47;2,97
2023;A         ;Unspecified;2,34;2,05
2023;AA        ;Construction;0,3;0
2023;AA        ;Drilling;2,04;0,49
2023;AA        ;Exploration;0;0
2023;AA        ;Production;1,65;0,31
2023;AAA       ;Drilling;0;0
2023;AAA       ;Production;1,78;0
2023;AAA       ;Unspecified;0;0
2023;B         ;Construction;0;0
2023;B         ;Drilling;5,32;3,55
2023;B         ;Exploration;0;0
2023;B         ;Production;4,97;1,66
2023;B         ;Unspecified;0;0
2023;BB        ;Production;0,8;0,22
2023;BB        ;Unspecified;2,61;0,17
2023;BBB       ;Production;1,99;0
2023;C         ;Drilling;2,58;2,58
2023;C         ;Production;0,71;0,71
2023;CC        ;Drilling;0;0
2023;CC        ;Production;0,24;0,24
2023;CCC       ;Production;0,52;0
2023;D         ;Construction;6,84;3,42
2023;D         ;Drilling;2,75;1,38
2023;D         ;Exploration;0;0
2023;D         ;Production;2,07;0,78
2023;D         ;Unspecified;0;0
2023;DD        ;Construction;0;0
2023;DD        ;Drilling;7,02;0
2023;DD        ;Production;1,12;0,22
2023;DD        ;Unspecified;0;0
2023;DDD       ;Construction;0;0
2023;DDD       ;Drilling;0,84;0
2023;DDD       ;Production;0,86;0
2023;DDD       ;Unspecified;0,32;0
2023;E         ;Drilling;5,46;2,73
2023;E         ;Unspecified;0;0
2023;EE        ;Construction;0;0
2023;EE        ;Drilling;0;0
2023;EE        ;Exploration;1;0
2023;EE        ;Production;0,59;0
2023;EE        ;Unspecified;1,04;0,69
2023;EEE       ;Production;3,2;0
2023;EEE       ;Unspecified;0;0
2023;F         ;Construction;0;0
2023;F         ;Drilling;6,25;3,12
2023;F         ;Production;3,59;1,2
2023;F         ;Unspecified;0;0
2023;FF        ;Construction;0,52;0,17
2023;FF        ;Drilling;1,55;0,35
2023;FF        ;Exploration;0;0
2023;FF        ;Production;1,04;0,16
2023;FF        ;Unspecified;0;0
2023;G         ;Drilling;1,79;0,89
2023;G         ;Production;0,88;0,88
2023;GG        ;Construction;0,24;0,15
2023;GG        ;Drilling;0,59;0,06
2023;GG        ;Exploration;0;0
2023;GG        ;Production;0,37;0,31
2023;GG        ;Unspecified;0,24;0,16
2023;H         ;Construction;1,59;0,25
2023;H         ;Drilling;3,01;0,93
2023;H         ;Exploration;3;0,75
2023;H         ;Production;2,47;1,17
2023;HH        ;Unspecified;0,3;0,18
2023;I         ;Exploration;3,22;3,22
2023;I         ;Production;1,73;0,71
2023;II        ;Construction;2,27;0
2023;II        ;Drilling;2,56;0,26
2023;II        ;Exploration;0;0
2023;II        ;Production;0,93;0,2
2023;II        ;Unspecified;0,74;0
2023;J         ;Construction;0,97;0,65
2023;J         ;Drilling;1,16;0,67
2023;J         ;Exploration;1,43;1,14
2023;J         ;Production;1,37;0,69
2023;J         ;Unspecified;0,72;0,54
2023;K         ;Construction;2,74;0,6
2023;K         ;Drilling;13,07;1,23
2023;K         ;Exploration;0;0
2023;K         ;Production;1,91;0,43
2023;K         ;Unspecified;3,29;0,41
2023;KK        ;Construction;0,76;0,08
2023;KK        ;Drilling;3,54;0,69
2023;KK        ;Exploration;0;0
2023;KK        ;Production;0,87;0,18
2023;KK        ;Unspecified;0,73;0,11
2023;L         ;Construction;0,24;0
2023;L         ;Drilling;1,61;1,03
2023;L         ;Exploration;1,24;1,24
2023;L         ;Production;1,01;0,61
2023;L         ;Unspecified;1,22;1,22
2023;LL        ;Construction;0,08;0,04
2023;LL        ;Drilling;0;0
2023;LL        ;Exploration;0;0
2023;LL        ;Production;0,81;0,22
2023;LL        ;Unspecified;0,81;0,24
2023;M         ;Production;1,93;0,55
2023;MM        ;Construction;1,14;0,12
2023;MM        ;Drilling;1,83;0,39
2023;MM        ;Production;0,51;0,13
2023;MM        ;Unspecified;0,13;0
2023;N         ;Construction;0;0
2023;N         ;Production;1,75;0,87
2023;NN        ;Production;0,26;0,11
2023;O         ;Construction;4,77;0
2023;O         ;Drilling;4,22;4,22
2023;O         ;Production;0;0
2023;OO        ;Construction;0;0
2023;OO        ;Drilling;0;0
2023;OO        ;Exploration;1,83;0
2023;OO        ;Production;0,85;0,28
2023;OVERALL   ;Construction;0,75;0,15
2023;OVERALL   ;Drilling;1,29;0,3
2023;OVERALL   ;Exploration;0,47;0,21
2023;OVERALL   ;OVERALL;0,84;0,24
2023;OVERALL   ;Production;0,82;0,27
2023;OVERALL   ;Unspecified;0,66;0,18
2023;P         ;Construction;8,3;3,56
2023;P         ;Drilling;2,51;0
2023;P         ;Production;2,39;0,72
2023;P         ;Unspecified;0;0
2023;PP        ;Construction;1,07;0,36
2023;PP        ;Drilling;1,72;0,38
2023;PP        ;Exploration;0;0
2023;PP        ;Production;0,26;0
2023;PP        ;Unspecified;0,36;0
2023;Q         ;Unspecified;1,89;0,51
2023;QQ        ;Construction;0,79;0,22
2023;QQ        ;Drilling;0,53;0,08
2023;QQ        ;Exploration;0,56;0,56
2023;QQ        ;Production;0,76;0,1
2023;QQ        ;Unspecified;0,16;0
2023;R         ;Construction;5,12;1,28
2023;R         ;Drilling;5,92;1,08
2023;R         ;Exploration;0;0
2023;R         ;Production;1,83;0,37
2023;R         ;Unspecified;0,9;0,36
2023;RR        ;Construction;2,74;0,14
2023;RR        ;Drilling;0;0
2023;RR        ;Production;1,18;0
2023;S         ;Drilling;0;0
2023;S         ;Production;1,69;0,38
2023;SS        ;Construction;0,26;0,08
2023;SS        ;Drilling;0,52;0,32
2023;SS        ;Exploration;0;0
2023;SS        ;Production;0,35;0,06
2023;SS        ;Unspecified;0,15;0,03
2023;T         ;Construction;2,11;0
2023;T         ;Drilling;3,34;0,67
2023;T         ;Exploration;0;0
2023;T         ;Production;1,62;0,32
2023;T         ;Unspecified;0,33;0
2023;TT        ;Drilling;1,69;0
2023;TT        ;Exploration;0,35;0,35
2023;TT        ;Production;0,24;0,06
2023;UU        ;Construction;0;0
2023;UU        ;Drilling;0,52;0,1
2023;UU        ;Production;0;0
2023;UU        ;Unspecified;0,17;0
2023;V         ;Construction;3,26;0
2023;V         ;Drilling;3,36;0,84
2023;V         ;Production;2,64;0,56
2023;V         ;Unspecified;0,35;0,12
2023;VV        ;Construction;0;0
2023;VV        ;Drilling;0,05;0,03
2023;VV        ;Exploration;0;0
2023;VV        ;Production;0,18;0,05
2023;VV        ;Unspecified;0;0
2023;W         ;Production;0,74;0,3
2023;WW        ;Construction;0,03;0
2023;WW        ;Drilling;0,24;0,05
2023;WW        ;Production;0,09;0,03
2023;WW        ;Unspecified;0,1;0
2023;X         ;Construction;1,01;0,39
2023;X         ;Drilling;1,89;0,63
2023;X         ;Exploration;0,63;0
2023;X         ;Production;1,36;0,32
2023;X         ;Unspecified;0,05;0,05
2023;XX        ;Construction;0;0
2023;XX        ;Drilling;0,39;0
2023;XX        ;Production;0,65;0
2023;XX        ;Unspecified;0;0
2023;Y         ;Construction;0,12;0
2023;Y         ;Drilling;2,68;1,34
2023;Y         ;Production;0,58;0,36
2023;Y         ;Unspecified;0;0
2023;YY        ;Construction;0;0
2023;YY        ;Production;0,67;0
2023;YY        ;Unspecified;0;0
2023;ZZ        ;Exploration;0;0
2023;ZZ        ;Production;0;0
